9051;9177;10531;10923;11120;10189;11249;10609;10970;10333;11324;10474;11280;10711;11512;10877;11704;11244;11756;11244;11517;10973;12058;11369;10324;9282;10660;9568;10815;9452;10781;9730
575;546;533;508;382;400;267;298;220;215;208;177;166;177;161;166;344;278;394;337;399;394;472;500;469;497;480;530;470;505;398;445
33274;31919;26862;28491;28610;25810;28100;26707;27625;26239;28546;26639;28388;27264;29000;27612;29622;28551;29945;28768;29547;28282;30940;29399;29014;28554;29187;28549;29747;28261;29489;29059
1205;1265;963;1042;726;886;694;878;477;639;437;584;397;469;507;553;1194;1133;1355;1348;1548;1688;1592;1714;1685;1816;1878;1973;1519;1745;1257;1494
12596;13817;15199;15638;15622;14425;16104;14934;15894;14709;16398;14939;16308;15294;16666;15496;16998;16032;17131;16113;16834;15721;17629;16354;16770;15769;16772;15685;17015;15478;16888;15940
559;534;478;497;464;469;433;437;324;316;256;300;248;249;262;300;606;513;657;605;746;769;926;970;935;986;919;987;857;993;745;839
26839;23946;24576;25946;25944;23496;26451;24758;25917;24186;26801;24591;26739;25238;27362;25611;27921;26499;28213;26659;27585;25953;28905;26999;26141;25026;25850;24539;26207;24287;25935;24867
988;1098;816;1028;645;765;540;632;401;486;394;477;376;457;455;474;1001;843;1005;960;1144;1191;1266;1341;1425;1495;1273;1493;1215;1380;1076;1308
44670;49081;35437;38867;39309;34597;37026;37763;36469;37022;37583;37447;37348;38298;38144;38773;38858;40082;39349;40330;38545;39342;40433;40886;36986;35936;36702;35233;37081;34768;36587;35511
2011;2206;1640;1817;1186;1492;1128;1335;906;819;713;871;618;689;765;818;1623;1408;1609;1565;1861;2020;2044;1969;2089;2067;1824;1987;1611;1742;1287;1521
18564;15957;18155;16816;18346;18709;18320;14978;17883;14453;18308;14621;18155;14909;18470;15021;18914;15522;19737;15941;19226;15640;19844;16094;20231;17480;20128;16808;20290;16480;20076;16842
2400;2278;1642;1902;1186;1257;963;1020;752;809;536;683;494;664;820;757;1586;1175;1388;1274;1254;1336;1506;1618;1365;1359;1342;1404;992;1191;762;885
15232;12936;14993;14378;14928;14655;16011;13553;15662;13254;16041;13359;15969;13618;16241;13772;16584;14242;16892;14381;16624;14161;17389;14715;17046;15002;16928;14509;17176;14390;16854;14716
1044;1027;927;929;891;838;658;645;537;476;454;464;355;383;421;414;961;789;976;888;1131;1054;1186;1055;1406;1097;1209;1119;885;891;782;749
14023;11898;14038;13139;13878;13775;14772;12140;14364;11841;14772;12023;14767;12322;15069;12450;15334;12827;15547;12974;15334;12804;16051;13342;18843;16385;19103;16014;19370;15871;19217;16307
1124;989;1110;946;631;621;480;553;407;451;412;439;358;373;295;354;761;661;817;811;830;933;970;1023;1109;1110;1038;1145;878;1089;752;972
31123;27299;30833;28218;33326;27092;33449;25673;31442;25965;31622;25880;32334;25524;32585;25757;32260;26717;32858;26945;32946;27313;33148;27786;34337;28840;34369;29202;33880;28438;34638;28488
5520;4744;4406;3981;4000;3311;2615;2842;1992;2239;1655;2020;1391;1741;1275;1646;2696;2783;3215;3371;3311;3690;3761;4137;3550;3895;3014;3560;2456;3043;1369;2079
25623;18664;25611;23000;27606;22034;27573;21012;25617;20977;25596;20805;26203;20461;26114;20801;26091;21337;26438;21161;26085;21220;26071;21438;27344;22329;26799;22288;26534;21808;27399;21949
5052;3819;4471;3415;2977;2561;1807;2035;1431;1665;954;1251;691;912;602;729;1505;1415;1436;1557;1424;1660;1577;1845;1507;1847;1188;1479;1048;1392;675;951
12814;10902;12446;10895;12585;10450;12827;10246;13194;10696;13240;10507;13445;10084;13410;10194;13406;10544;13665;10463;13515;10483;13596;10671;13096;10427;13004;10475;12827;10246;13123;10256
1868;1577;1697;1486;1569;1385;1251;1446;934;1082;658;659;515;645;465;501;998;834;976;922;1116;1148;1140;1073;1135;1066;917;930;699;758;379;429
17308;14659;16555;15134;16741;13226;14453;14445;17702;14758;18038;14917;18514;14727;18576;15121;18665;15771;19081;15907;18899;15737;18818;15820;17292;14345;17503;14682;17327;14334;17683;14398
2017;1503;1751;1222;1449;1041;1202;1056;914;862;738;675;646;593;701;744;1487;1199;1329;1114;1503;1399;1581;1358;1574;1411;1273;1143;856;970;507;550
17566;13861;16464;14818;17169;14177;17299;13780;17223;14185;17541;14172;17967;14000;17826;14225;17983;14754;18953;15156;18726;15357;18458;15265;17845;14262;17709;14363;17406;14015;17850;13954
2930;2509;1945;1781;1889;1701;1591;1679;1489;1528;946;1121;812;1026;929;1072;2288;1966;1888;1835;1848;1866;2008;1957;1967;2042;1745;1862;1451;1442;1110;1247
13639;10711;12824;11732;13419;10709;12840;10816;13411;11094;13621;11179;13978;11030;13922;11268;13988;11607;14638;12038;14378;11889;14159;11777;13666;11073;13514;10936;13418;10698;13734;10719
1936;1556;1585;1239;1414;1028;1106;1020;1006;995;641;736;528;507;682;673;1542;1414;1238;1098;1151;1061;1215;1035;1217;978;1109;912;772;701;657;535
34931;30136;34242;31088;35143;28564;32905;29918;36260;30050;36692;29671;37657;29170;37600;29834;37749;30932;38498;30798;37761;30687;37650;31143;36111;29836;36282;30543;35936;29859;37233;30145
4393;3880;4240;3663;3553;3321;2290;2544;2022;2051;1323;1411;1042;1222;1132;1180;2348;1938;2171;2088;2362;2642;2574;2626;2093;2348;1992;2311;1707;1931;1027;1335
10562;8744;10453;9525;11321;9258;11515;8787;10374;8716;10194;8369;10149;8612;10046;8467;9932;8539;10058;8460;10182;8482;10308;8280;10758;8292;10787;8258;10677;8523;10529;8599
2170;1259;2109;1116;1900;968;1156;791;999;737;652;504;514;425;563;412;1131;663;1003;726;1094;778;1378;903;1293;915;1133;817;872;688;657;508
15833;13524;16373;14982;15513;13506;15847;13671;16893;13746;17022;13327;17176;13920;16968;13535;17150;13947;17516;13984;17397;13930;17614;13544;17219;13718;17241;13898;17182;14287;17019;14298
1226;1043;1095;788;1047;813;867;748;599;670;430;565;311;531;456;547;1640;1123;1081;1037;1148;1138;1416;1505;1328;1477;1197;1269;936;1008;734;791
7742;6484;7783;6934;7594;6855;8405;6276;7675;6231;7773;5999;7859;6181;7693;6048;7819;6139;7975;6276;8034;6269;8005;5984;7658;5963;7626;5918;7600;6134;7556;6194
1240;1009;819;749;680;630;575;549;454;422;332;313;313;266;310;276;1007;766;706;543;619;547;678;522;639;544;580;468;457;393;318;304
16554;15232;16774;14923;16516;14672;16532;14077;17746;14031;17648;13381;17744;13591;17482;13285;17715;13654;17892;13756;17917;13595;18056;13200;18205;14058;17867;13770;17853;14240;17727;14301
2256;1893;2294;1792;1994;1536;1489;1513;960;874;763;706;618;600;723;703;1783;1234;1338;1077;1345;1172;1465;1284;1409;1340;1253;1181;1012;1017;715;806
13490;11074;12995;11878;14223;11675;14469;10966;12779;10999;12758;10727;12666;10994;12468;10763;12309;10798;12562;10876;12751;10907;12986;10591;13059;9978;13130;9990;12946;10164;12782;10155
2838;1668;2481;1462;2021;1180;1757;1216;1423;1236;1014;944;827;797;890;832;1634;1311;1610;1266;1703;1337;1789;1533;1641;1432;1401;1233;1115;1057;759;740
18032;15557;17165;15545;17600;15393;17981;14081;17418;13998;17431;13329;17558;13770;17059;13519;17423;13629;17993;13835;18256;13909;18481;13668;18207;14047;18002;13944;17805;14283;17584;14290
2753;2286;2601;2092;2214;1996;1402;1392;1321;1340;864;1071;757;917;930;1087;2440;1767;2165;1809;2184;1873;2164;1898;1980;1739;1760;1605;1305;1283;993;1053
36952;33130;36727;34062;37847;32112;37539;31348;37243;31517;37556;30945;37969;31990;37039;31537;37617;31860;37534;31790;38250;32443;39183;31647;38801;30180;38826;30020;38700;31007;38121;31186
5798;4051;5180;3694;4367;3152;3220;3262;2971;3150;2267;2645;2022;2439;1990;2355;3915;3836;4019;4334;4552;4550;4614;4575;4813;4773;4133;4455;3369;3859;2582;3053
12370;10296;12471;10941;11927;10450;12427;9944;12804;10056;12846;9597;12961;9943;12808;9685;12972;9991;13014;9967;13012;9970;13145;9705;12977;9866;12731;9741;12770;10007;12694;10086
1633;1080;1351;873;1131;856;864;669;614;537;456;405;454;424;480;402;1156;777;901;825;871;795;899;1000;950;924;772;835;625;670;488;521
27852;24651;29614;27362;28220;23901;29373;25756;30361;26076;30770;25321;31028;26155;30857;25649;31142;26479;31049;26286;31419;26500;31996;25870;31267;24790;31288;24855;31221;25675;30930;25787
2276;1387;1815;1141;1708;1281;1439;1288;1018;979;710;665;602;682;776;852;2227;1878;2174;1981;2180;2289;2630;2652;2419;2506;2232;2158;1730;1809;1232;1295
30715;24956;29197;25937;29370;24162;29144;23063;28093;22232;26281;21274;27151;21311;27679;21638;29230;22465;29341;22434;29579;22887;30343;23860;29807;23932;30139;24547;29436;25081;29511;24888
7851;6962;7503;6770;6209;5253;3790;3369;2636;2241;2046;1951;1741;1826;1975;2207;4061;3720;4434;4028;4560;4635;5213;5167;4717;4787;4085;4381;3355;3874;2189;2766
31885;28378;30969;28212;32345;25305;30193;25888;31059;26015;29474;25626;30267;25601;30684;25837;32134;26351;31482;25604;31042;25366;31722;26203;31543;24970;31123;25086;30462;25624;30545;25119
8490;7129;8344;6981;7244;5932;5319;5339;4498;4432;3668;4067;3019;3532;2958;3561;4149;4404;3984;4322;4310;4716;4384;4708;3673;4128;3344;3911;2728;3290;2122;2680
40667;36001;43062;39869;40815;33027;40164;35862;43756;36413;42375;36814;43829;36703;44770;37128;46977;37629;45735;35909;45006;35769;46250;37345;46094;36731;45492;36835;44696;37932;45104;37500
7628;6085;7070;5822;6212;5132;4825;4422;3557;3443;2289;2328;1559;1611;1759;1781;3568;2951;3249;2894;3700;3572;4358;4311;3945;3906;3525;3592;2796;3255;1986;2322
38877;34536;39704;35959;39444;32925;39439;31911;39316;31597;37501;31132;38643;31025;39442;31425;40959;31388;40436;30711;40244;30806;41303;32302;40288;31797;40166;32196;38869;32564;39184;32040
9677;9100;8892;8621;7658;6805;5725;5715;4219;4521;3228;3669;2243;2725;2389;2893;4724;4468;4478;4398;5075;5337;5276;5856;4108;4895;3480;4372;3176;4080;1979;2977
13868;11811;15078;13015;14026;11873;13571;11723;14785;11643;14418;11791;14887;11832;15268;11895;15928;11965;15411;11423;15171;11389;15524;11941;15007;11927;14791;11820;14390;11984;14621;11797
2986;2788;2910;2863;2293;2247;1698;1895;1559;1859;1148;1493;926;1194;790;1093;1289;1443;1227;1486;1363;1800;1389;1770;1102;1543;977;1294;826;1280;503;912
20304;17385;19894;17816;19166;14869;18108;15553;19509;15938;18923;16298;19598;16536;20027;16823;20979;17111;20722;16547;20575;16436;21024;16873;21758;16387;21422;16463;21057;17107;21158;16862
4268;2560;3721;2180;2950;1805;2416;1843;1939;1652;1409;1322;1207;1164;1290;1295;2349;1964;2360;1741;2421;1877;2701;2151;2561;2174;2196;2003;1699;1816;1310;1391
11697;10246;11404;9895;11626;9122;11951;9108;11418;8841;10715;8621;10899;8402;11133;8407;11596;8571;11463;8457;11150;8265;11463;8543;12031;8793;11854;8784;11617;9055;11656;8881
3235;2468;3141;2606;2582;2139;1701;1622;1132;1121;698;793;585;571;610;745;1141;1183;1057;996;1125;1112;1340;1313;1208;1213;1027;1122;856;926;520;641
8752;6940;7999;6980;7850;6293;7977;5895;7823;5911;7829;5695;8042;5791;7938;5728;8318;5810;8560;5917;8274;6056;8527;5947;8522;6164;8450;6084;8523;5906;8621;6104
1424;936;1205;895;1262;994;961;1033;777;974;533;645;491;530;587;615;1127;1108;1097;1056;1137;1034;1293;1112;1249;1058;1120;958;906;695;663;627
24867;18198;24762;21562;24850;19744;24819;18083;23222;17988;23361;17622;24008;17799;23938;17506;24801;17831;25234;17778;24386;17785;25099;17945;25563;18617;25827;18802;26202;18490;26731;19300
4497;2938;3908;2976;2974;2345;2013;2604;1527;2425;1119;1822;949;1294;1059;1447;2492;2247;2388;2359;2509;2704;2797;3073;3073;2987;2825;2695;2211;2305;1509;1793
10122;7869;10224;9442;10912;8590;10459;8255;9883;7983;9934;7703;10162;7787;9961;7668;10343;7896;10726;7832;10461;7754;10703;7717;11105;8202;11022;8339;11109;8187;11263;8604
2360;1697;2080;1668;1934;1402;1297;1262;1098;1052;744;830;586;680;714;817;1566;1093;1543;1031;1537;1148;1632;1215;1540;1204;1363;1086;1083;999;925;783
8990;6941;9057;8115;9477;7704;9472;6931;8500;6767;8635;6525;8872;6592;8787;6498;9168;6542;9366;6539;9010;6507;9219;6392;9637;7052;9763;7223;9862;7062;9994;7384
1799;1430;1732;1495;1281;1317;920;1231;734;1108;545;839;506;616;583;649;1107;1002;1029;916;1072;959;1275;1089;1280;1095;1147;939;859;828;660;709
19682;17654;19691;18371;20325;15663;18106;17144;20066;16752;20306;16377;20927;16889;20957;16551;21536;17085;21772;17023;21075;17013;21844;16915;20013;15513;20192;16053;20347;15600;20681;16377
3319;2378;3198;2414;3156;2262;2221;2005;1722;1722;1300;1449;1021;1054;1250;1191;2197;2079;2294;2045;2557;2270;2932;2465;2700;2218;2374;1991;1863;1551;1652;1406
28810;23285;26041;24557;27572;21267;24542;22318;25442;21807;25680;21162;26240;21361;26221;21021;26902;21739;27474;21317;26266;21058;26863;21025;25127;19686;26088;21036;26233;20499;26711;21614
4804;3633;4390;3483;3636;2921;2654;2751;2004;2203;1357;1599;1068;1373;1140;1326;2681;2243;2382;2080;2362;2185;2439;2199;2465;2076;2022;1907;1379;1504;1124;1152
13787;10587;14144;11973;13715;11293;15363;8824;13445;8838;13447;8590;13900;8748;13974;8671;14417;9019;14682;9040;14361;8996;14814;9133;16437;10970;16259;10838;16356;10553;16545;10895
2703;1926;2406;1417;1934;1123;1184;1334;957;1219;698;1005;650;919;646;1029;1646;1492;1721;1501;1856;1747;2018;2010;2022;2010;1691;1705;1165;1347;758;996
16355;14749;15698;14201;16445;12864;15058;12633;15494;12334;15517;11874;15818;12246;15721;12094;16244;12359;16374;12098;15976;12098;16436;12038;15372;11617;15403;11800;15603;11551;15913;12169
3145;2151;2944;2178;2462;1966;1835;1706;1455;1485;1028;1304;865;1009;932;1098;1683;1497;1738;1442;1840;1606;2059;1741;2056;1700;1768;1461;1410;1301;1366;1095
4960;3962;4511;3898;4535;3689;4570;3518;4539;3463;4599;3412;4694;3476;4645;3446;4796;3503;4858;3373;4679;3360;4781;3371;4545;3384;4609;3460;4655;3411;4695;3568
924;641;868;637;863;576;669;540;561;467;402;394;339;336;334;290;610;377;531;413;549;474;662;497;655;469;539;478;407;342;304;270
8813;6602;9090;8244;9521;7337;9196;6858;8550;6650;8651;6456;8952;6549;8941;6442;9277;6708;9476;6706;9242;6625;9428;6539;10105;7213;10025;7297;10096;7114;10260;7466
1918;1320;1741;1120;1375;896;1005;880;902;730;692;511;632;473;763;557;1314;796;1347;760;1325;853;1330;909;1405;951;1147;789;901;604;694;508
44610;35940;41799;38318;41459;32067;39711;33188;39783;32602;40438;31523;41832;32290;42198;31834;43338;33065;43312;32189;41831;32179;43443;32461;42986;32802;42686;33529;43328;32769;44440;34704
6155;3988;5089;3556;4120;3294;2842;2971;2079;2456;1449;1888;1152;1395;1349;1509;3042;2598;3485;2866;3565;3418;3836;3698;3699;3464;3325;3186;2939;2938;2369;2446
28496;24962;28884;28693;27023;22216;26272;27297;27306;25418;28680;26199;30703;26873;30432;26359;30476;27491;30389;26934;29751;27797;30097;28730;30551;29289;29686;28606;30068;28835;30274;29061
3174;2941;3146;2926;2663;2614;2229;2423;1867;2032;1441;1600;1156;1337;1174;1327;2634;2251;2701;2430;2888;2616;3019;2758;2915;2605;2646;2540;2391;2323;1727;1984
4267;3593;4266;4013;4233;3508;3917;3717;3951;3476;4025;3585;4148;3668;4200;3680;4238;3881;4288;3872;4160;3942;4214;4067;4328;3962;4279;3842;4327;3850;4319;3880
943;658;942;708;831;716;690;633;682;668;485;689;433;611;521;652;632;742;669;726;728;836;716;813;750;784;698;724;611;697;469;614
19063;16897;17274;15201;16661;15298;17708;14198;16807;13793;16606;13437;17063;13280;16901;13181;16778;13292;17469;13474;17182;13971;17255;14286;17442;14948;16735;14322;16514;14117;16640;14282
3994;4004;3954;3746;3683;3461;2811;2950;2164;2438;1755;2241;1384;1895;1511;1903;2904;2616;2818;2753;2934;2801;3060;2981;2544;2630;1998;2166;1845;1990;1307;1735
9925;8133;8855;7679;8752;7740;8948;7296;8659;6896;8692;7048;8875;7046;8708;7042;8755;7018;9252;7167;8801;7261;8695;7335;9123;7739;8687;7399;8687;7387;8802;7422
2098;1741;2412;1910;2165;1687;1534;1504;1335;1487;1006;1293;847;1055;970;1118;1750;1504;1331;1322;1287;1392;1535;1540;1089;1278;1090;1253;1001;1075;824;996
6970;5596;5790;5087;5813;4977;6051;4635;5706;4515;5719;4539;5814;4534;5759;4511;5703;4573;5895;4538;5924;4715;5940;4794;6384;5276;5968;4917;5945;4925;5880;4932
1607;1087;1596;1101;1548;998;1222;910;1045;855;877;821;743;685;763;664;1332;973;1232;849;1281;899;1327;951;1108;822;1048;797;731;593;517;516
20317;16659;18226;17117;19931;16852;20963;15762;18813;16395;18201;15817;18232;15172;18110;15125;17652;15221;18295;15116;17890;15572;18035;15922;18407;16687;18381;16751;18207;16725;18027;16680
5716;4553;5504;4462;5062;4135;4017;3857;3639;3494;3471;3264;2910;2945;2952;3018;4154;3503;4149;3602;4344;3780;4639;4049;4017;3551;3663;3391;3175;2950;2545;2750
6281;5143;6177;5462;6141;5389;6463;4973;6234;5042;6248;5033;6203;4813;6159;4777;6170;4885;6455;4955;6366;5028;6430;5171;6040;5177;5880;4989;5765;4941;5642;4908
1663;1323;1550;1185;1684;1351;1435;1359;1215;1137;1114;1071;894;924;1000;932;1465;1143;1400;1117;1486;1235;1789;1393;1617;1255;1416;1146;1198;1036;970;877
10982;9596;10792;9814;12124;10722;12516;9229;11435;9550;11278;9248;11167;9005;11146;8965;10788;9284;11453;9272;11255;9334;11184;9521;10385;9430;10228;9050;10088;8940;9963;8961
3897;3317;3798;3401;3596;3202;3241;2937;3069;2821;2621;2697;2430;2774;2381;2761;3209;2823;3182;2792;3234;3105;3496;3244;2899;2956;2694;2477;1953;1847;1939;2337
21860;18369;20701;19038;24714;20427;24717;17825;22004;19210;21344;18865;21181;18100;21079;18013;19982;17710;20805;17563;20904;18078;21046;18702;21692;19565;21467;19280;21463;19230;21174;19195
8232;6031;8509;6281;7942;5887;6485;5709;6325;5728;5893;5504;5371;5253;5316;5174;6873;5674;7066;5842;7159;6323;7560;6586;6935;5953;6500;5657;5812;5348;4905;5017
12369;10246;11294;10258;12854;10928;13010;9665;11825;10097;11706;9964;11621;9655;11516;9622;10898;9210;10651;8970;10358;9126;10332;9295;12031;10256;11894;9947;11979;9985;11917;9872
4398;3248;4336;3316;4062;3151;3261;2730;2992;2616;2294;2377;1991;2155;1955;2073;2509;2255;2363;2290;2435;2347;2629;2448;2744;2464;2487;2356;2107;1945;1502;1491
18804;15442;17929;17052;16878;14247;15012;15856;15863;14008;16689;14558;18127;15374;17831;15310;18104;15850;17963;15438;17417;15848;17617;16346;18409;16882;17905;16408;18102;16474;18317;16629
2677;2219;2570;2257;2381;2098;1827;1866;1661;1723;1317;1555;1016;1268;1016;1169;1636;1552;1537;1549;1754;1885;1960;2010;1850;1814;1836;1784;1595;1626;1308;1436
7277;6405;7071;6207;7007;6444;7184;5862;6967;5572;7001;5652;6921;5399;6914;5426;6945;5535;7136;5605;6953;5728;7007;5833;7473;6058;7195;5845;7186;5776;7165;5753
1853;1702;1865;1754;1964;1725;1493;1482;1190;1319;914;1131;821;1067;870;1118;1315;1362;1245;1332;1256;1389;1404;1366;1212;1240;1042;1105;900;974;733;846
12025;10536;12664;11645;12018;10775;11290;11094;11807;10132;11805;10125;12448;10420;12306;10430;12556;10678;12773;10479;12413;10727;12473;11076;12975;11105;12750;11003;12822;10966;12806;10982
2456;2363;2249;2296;2589;2439;1938;2155;1578;1986;1119;1750;968;1591;943;1398;1665;1733;1586;1759;1581;1792;1722;1891;1656;1861;1473;1695;1153;1430;852;1193
20223;17889;19622;16832;20120;16954;20110;15427;19866;15066;19655;14757;20420;14958;20741;15066;20790;14943;22269;15518;21922;15777;21577;15910;22130;16253;22366;16461;22270;16670;22399;16810
5005;3912;4914;3853;4223;3184;3092;3083;2689;2887;2251;2583;2059;2544;2680;2961;4311;3550;4001;3341;3996;3502;4559;3820;4237;3591;4165;3444;3845;3333;3433;3151
16936;14582;17059;15200;17805;14531;17323;14332;17083;13767;16595;13289;17264;13371;17684;13426;17664;13413;18729;13677;18472;14087;18279;14236;17852;13576;17868;13872;17799;14026;18071;14081
4165;3221;3868;2963;3453;2584;2451;2247;1888;1811;1458;1533;1372;1535;1690;1656;2872;2137;2887;2188;3020;2397;3351;2666;2897;2551;2881;2352;2582;2163;2257;2054
18235;15358;16076;14513;18706;14798;18603;12824;17353;12972;16816;12467;17094;12378;17210;12465;16791;12037;17625;12271;17660;12651;17823;12912;18391;13936;18893;14219;18752;14463;18705;14460
5832;4150;5585;4009;5089;3438;4644;3485;4148;3246;3557;2949;3054;2657;3203;2659;4226;3178;4641;3187;5069;3619;5352;3886;5169;3820;4773;3701;4470;3317;3809;3000
8125;6381;7973;7063;8525;6743;7952;6310;7748;6206;7705;6194;7981;6295;8161;6268;8072;6290;8420;6370;8480;6543;8477;6619;8570;6669;8866;6881;8648;6954;8678;6900
2112;1470;2008;1444;1749;1226;1223;1219;1150;1230;975;1216;858;1067;797;1055;1224;1205;1432;1291;1441;1336;1783;1485;1829;1405;1375;1214;1281;1110;1199;1001
3314;2851;3183;2571;3302;2768;3308;2475;3282;2397;3203;2308;3271;2281;3291;2288;3506;2289;3530;2507;3480;2567;3417;2571;3099;2287;3224;2359;3221;2364;3215;2369
890;617;949;608;826;507;672;519;541;430;460;336;459;394;444;488;688;573;623;548;630;570;728;608;576;486;631;483;530;421;541;437
27740;24303;27064;25993;28934;22475;26958;24667;27869;23677;28263;23576;29255;23678;29854;23869;29557;23395;30522;23604;30089;24148;29805;24432;27704;22696;28545;23758;28249;24127;28676;24155
5636;4578;5549;4202;4403;3736;3527;3388;3146;2977;2145;2287;1736;1896;1931;2009;3152;2587;3164;2601;3654;3031;3767;3077;3806;3200;3072;2687;2831;2444;2368;2040
41392;36453;40488;37399;43970;34062;41151;35634;41802;34492;41314;33753;42997;34454;43702;34860;42755;33574;44810;33832;44152;34816;43899;35471;45562;35155;46746;36745;46105;36989;46223;37032
10380;7142;10049;6886;8993;6183;7192;5652;6139;5307;5090;4618;4394;4299;4455;3808;7264;5144;7434;5619;7760;5794;8546;6337;7755;5874;7075;5316;5674;4748;4661;4114
14428;12652;13237;11263;14357;11920;14163;10206;13347;10186;12966;9702;13280;9683;13420;9725;13256;9500;13995;9783;13998;9998;13932;10285;15674;11088;15824;11331;15664;11404;15573;11390
4243;3207;4017;3028;3719;2810;2773;2668;2492;2476;2109;2255;1886;2144;2030;2152;3071;2708;3219;2895;3424;2995;3740;3148;3341;2995;3060;2877;2579;2481;2350;2229
9921;8770;9849;8756;10477;8498;10101;8020;10085;7830;9948;7774;10263;7724;10452;7728;10386;7633;11393;8167;11085;8386;10817;8382;10595;7966;10615;8065;10527;8127;10579;8146
2776;2151;2386;1731;1991;1527;1802;1531;1283;1401;1222;1184;990;1079;1391;1312;2211;1809;2014;1777;1953;1807;2186;1865;2018;1802;1888;1673;1625;1531;1349;1397
12261;10736;12457;11053;12103;10161;11590;9702;12181;9061;12384;9044;13108;9305;13337;9315;13490;9406;13953;9614;13877;9884;13700;10109;14411;10181;14211;9963;14081;10107;14277;10226
2253;1878;2122;1853;1684;1343;1294;1315;1133;1167;933;1060;876;898;917;1060;1577;1381;1714;1499;1727;1733;2119;1865;1882;1650;1593;1575;1431;1334;1204;1188
5254;4378;5472;4695;5453;4657;4839;4182;5066;3944;5135;3944;5311;3956;5354;3976;5605;4146;5966;4282;5955;4417;5804;4458;6011;4458;6061;4510;6089;4558;6116;4553
1370;1042;1037;810;913;626;863;932;617;644;554;662;514;653;531;665;924;824;945;812;940;938;1161;1033;907;958;984;855;819;771;827;776
8555;7265;8513;7931;9218;7210;8587;7106;8478;6989;8445;6966;8703;6999;8800;7032;8947;7070;9710;7398;9484;7580;9341;7724;9479;7459;9638;7565;9596;7659;9580;7685
2048;1482;2003;1352;1544;1126;1368;1360;1204;1291;1046;1186;919;1112;1170;1262;1873;1611;1641;1575;1698;1720;2065;1917;1935;1777;1781;1668;1710;1634;1568;1598
20272;16513;19275;16467;20998;16973;20906;15259;19521;14727;19136;14562;19798;14938;19944;15046;19832;15075;21421;15559;21258;15820;21175;16133;21962;16447;22020;16596;21815;16742;21893;16762
6363;4257;6148;4014;5439;3153;3868;2893;3432;2848;2747;2811;2361;2679;2795;2845;4125;3336;4137;3141;4737;3751;4990;3970;4879;4051;4411;3796;3583;3279;3505;3376
7740;6418;7668;6584;7853;6517;8171;6118;7916;5966;7509;5694;7731;5778;7609;5767;7689;5814;8372;6214;8131;6082;8131;5828;8257;5813;7980;5881;8014;5850;8256;5808
2168;1790;2168;1722;2045;1580;1580;1491;1467;1344;1127;1128;1063;1049;1091;1118;1748;1215;1651;1141;1703;1252;1925;1439;1619;1377;1390;1093;1341;1011;1106;997
16151;16089;15987;16167;16310;12447;14147;14933;15104;13407;14569;12760;15706;13552;16236;13642;16533;14241;16922;15053;16162;14928;16586;14371;16221;13677;17038;15034;17450;15061;17867;14951
2674;2287;2579;2241;2107;1828;1646;1557;1317;1314;1041;1090;786;926;827;970;1272;1218;1288;1293;1512;1543;1777;1713;1710;1720;1550;1596;1386;1426;1179;1251
19803;19903;19568;19417;19753;15283;18730;17960;18917;16911;18094;15915;19081;16496;19464;16547;20991;16990;20753;18174;19792;18083;20133;17327;19653;16486;20078;17586;20607;17644;21136;17602
3530;3018;3249;2811;2551;2364;2095;2197;1874;1940;1380;1703;1202;1441;1307;1416;2008;1739;1800;1809;2037;2048;2019;2092;1821;1919;1681;1856;1582;1726;1369;1463
8388;8334;8965;9255;9484;7229;8994;8607;8623;8303;8307;7926;8741;8119;8676;8128;9078;8113;9116;8541;8693;8461;8882;8103;8206;6935;8415;7393;8566;7388;8755;7324
1732;1548;1518;1432;1173;1127;913;1042;797;879;568;793;476;647;463;545;844;741;796;721;856;874;872;856;779;786;640;713;520;592;423;464
14749;14797;15305;14939;15210;11929;13285;14017;14089;12524;13606;11831;14440;12416;14756;12652;15941;13182;15889;13909;15151;13830;15560;13241;13701;11084;14160;11986;14564;11944;14894;11854
2430;2244;2459;2160;1845;1724;1385;1434;1127;1222;815;979;666;823;764;851;1191;1087;1187;1143;1386;1331;1365;1393;1321;1226;1272;1177;1024;982;894;810
28059;21904;28123;24308;29075;24112;29415;22184;28293;21542;27061;20613;27821;20929;27716;21030;28373;20884;29415;22028;28684;22018;29085;21429;33100;24472;31993;24218;32460;24254;32955;24048
8403;6416;8066;6301;7446;5861;6120;5407;5546;5176;4562;4680;3864;4189;4198;4270;6066;4626;6006;4935;6287;5306;6853;5573;6073;5150;5785;5005;5341;4674;4470;4356
27545;24223;27911;25382;30411;24495;30100;23106;27690;22925;26135;21789;26153;21153;26113;21136;26903;21086;27716;22518;26827;22466;27163;21571;28786;22428;27798;22343;28054;22241;28507;22177
8977;6857;8174;6135;7760;5692;5701;5183;4786;4556;4081;3819;3614;3487;3704;3358;4887;3905;4750;3897;5181;4381;5360;4437;4771;4320;4377;4036;3913;3686;3560;3418
16032;14764;16233;14709;18370;14139;17939;13700;16963;13732;16221;13209;16197;13079;15966;13161;16273;13217;17316;14121;17008;14173;17358;13905;17037;13606;16750;13714;16883;13679;16881;13438
5817;4024;6111;4059;5655;3860;4487;3607;4034;3261;3255;2927;2926;2971;3326;3005;4650;3533;4780;3652;4841;4116;4983;4095;4026;3583;3982;3411;3455;3141;3305;3040
6039;5332;5759;4854;6177;5099;7406;4436;6339;5045;6092;4847;6094;4611;6024;4620;5771;4407;5632;4197;5459;4173;5500;4017;6142;4442;5915;4409;5986;4351;6033;4322
2093;1421;1987;1421;1958;1333;1581;1351;1378;1182;1154;945;989;787;954;759;1202;901;1173;826;1241;910;1402;1101;1215;1042;1212;947;1040;862;936;767
23234;19342;23237;20877;24212;19203;24346;18636;22609;18295;21535;17381;22263;17671;22233;17569;23012;17655;23715;18898;23379;18975;24042;18411;25758;19496;24746;19243;24879;19126;25306;19259
6284;4697;6327;4414;5447;4094;4201;3847;3540;3390;2498;2542;2075;2224;2298;2251;3769;2794;3936;3002;4490;3484;4646;3479;3953;3246;3628;3023;3277;2929;2531;2510
26999;21400;26310;23185;28998;23341;30067;20619;27438;21322;26188;20481;26280;20047;26114;20004;25650;19267;26904;20790;26398;20764;26930;20211;29446;22465;27970;22024;28195;21740;28472;21560
8970;6464;8985;6589;8289;6178;6768;5703;;;;;;;;;;;;;;;;;;;;;;;;
